{
  "products": [
    {
      "productName": "Audi",
      "productDescription": "The latest Audi8 is one of the best in                                the world",
      "productType": "car"
    },
    {
      
      "productName": "Oneplus5",
      "productDescription": "The industry-leading Qualcomm®                              Snapdragon™ 835 processor powers through demanding                    apps and games – and it's incredibly power                              efficient.",
      "productType": "Mobile"
    },
    {

      "productName": "Royal Enfiled",
      "productDescription": "One of the best bikes in the world",
      "productType": "Bike"
    }
  ]
}